/*
SQLyog Ultimate v12.4.3 (64 bit)
MySQL - 10.1.35-MariaDB : Database - sertifikasi_db
*********************************************************************
*/

/*!40101 SET NAMES utf8 */;

/*!40101 SET SQL_MODE=''*/;

/*!40014 SET @OLD_UNIQUE_CHECKS=@@UNIQUE_CHECKS, UNIQUE_CHECKS=0 */;
/*!40014 SET @OLD_FOREIGN_KEY_CHECKS=@@FOREIGN_KEY_CHECKS, FOREIGN_KEY_CHECKS=0 */;
/*!40101 SET @OLD_SQL_MODE=@@SQL_MODE, SQL_MODE='NO_AUTO_VALUE_ON_ZERO' */;
/*!40111 SET @OLD_SQL_NOTES=@@SQL_NOTES, SQL_NOTES=0 */;
CREATE DATABASE /*!32312 IF NOT EXISTS*/`sertifikasi_db` /*!40100 DEFAULT CHARACTER SET latin1 */;

USE `sertifikasi_db`;

/*Table structure for table `tb_jadwaltes` */

DROP TABLE IF EXISTS `tb_jadwaltes`;

CREATE TABLE `tb_jadwaltes` (
  `id_jadwal` int(11) NOT NULL AUTO_INCREMENT,
  `tgl_tes` date NOT NULL,
  `id_lokasi` int(10) NOT NULL,
  `jam_mulai` time NOT NULL,
  `jam_selesai` time NOT NULL,
  `kuota` int(11) NOT NULL,
  `status` enum('Open','Close') DEFAULT NULL,
  PRIMARY KEY (`id_jadwal`),
  KEY `id_lokasi` (`id_lokasi`),
  CONSTRAINT `tb_jadwaltes_ibfk_1` FOREIGN KEY (`id_lokasi`) REFERENCES `tb_lokasites` (`id_lokasi`)
) ENGINE=InnoDB AUTO_INCREMENT=6 DEFAULT CHARSET=latin1;

/*Data for the table `tb_jadwaltes` */

insert  into `tb_jadwaltes`(`id_jadwal`,`tgl_tes`,`id_lokasi`,`jam_mulai`,`jam_selesai`,`kuota`,`status`) values 
(1,'2019-01-10',1,'10:00:00','11:30:00',18,'Open'),
(2,'2019-01-15',1,'12:00:00','13:30:00',18,'Open'),
(3,'2019-01-30',1,'12:00:00','13:30:00',30,'Open'),
(4,'2019-01-30',1,'15:00:00','16:00:00',25,'Open'),
(5,'2019-01-31',1,'08:00:00','09:00:00',24,'Open');

/*Table structure for table `tb_keterangan` */

DROP TABLE IF EXISTS `tb_keterangan`;

CREATE TABLE `tb_keterangan` (
  `kodeKet` varchar(11) NOT NULL,
  `detailKet` varchar(200) NOT NULL,
  PRIMARY KEY (`kodeKet`)
) ENGINE=InnoDB DEFAULT CHARSET=latin1;

/*Data for the table `tb_keterangan` */

insert  into `tb_keterangan`(`kodeKet`,`detailKet`) values 
('ket1','BARU MENGIKUTI TES UNTUK PERTAMA KALI'),
('ket2','MENGULANG'),
('ket3','MASA BERLAKU SERTIFIKAT HABIS');

/*Table structure for table `tb_lokasites` */

DROP TABLE IF EXISTS `tb_lokasites`;

CREATE TABLE `tb_lokasites` (
  `id_lokasi` int(10) NOT NULL AUTO_INCREMENT,
  `namaLokasi` varchar(70) NOT NULL,
  PRIMARY KEY (`id_lokasi`)
) ENGINE=InnoDB AUTO_INCREMENT=2 DEFAULT CHARSET=latin1;

/*Data for the table `tb_lokasites` */

insert  into `tb_lokasites`(`id_lokasi`,`namaLokasi`) values 
(1,'Labkom 1&2');

/*Table structure for table `tb_nopeserta` */

DROP TABLE IF EXISTS `tb_nopeserta`;

CREATE TABLE `tb_nopeserta` (
  `id_peserta` varchar(100) DEFAULT NULL,
  `id` int(11) NOT NULL AUTO_INCREMENT,
  `id_jadwal` int(11) NOT NULL,
  `noPeserta` int(3) unsigned zerofill NOT NULL,
  PRIMARY KEY (`id`),
  KEY `id_peserta` (`id_peserta`),
  KEY `id_jadwal` (`id_jadwal`),
  CONSTRAINT `tb_nopeserta_ibfk_1` FOREIGN KEY (`id_peserta`) REFERENCES `tb_pendaftar` (`id_peserta`) ON DELETE CASCADE ON UPDATE CASCADE,
  CONSTRAINT `tb_nopeserta_ibfk_2` FOREIGN KEY (`id_jadwal`) REFERENCES `tb_jadwaltes` (`id_jadwal`) ON UPDATE CASCADE
) ENGINE=InnoDB AUTO_INCREMENT=35 DEFAULT CHARSET=latin1;

/*Data for the table `tb_nopeserta` */

insert  into `tb_nopeserta`(`id_peserta`,`id`,`id_jadwal`,`noPeserta`) values 
('1611016310007_1',29,1,001),
('1611016310007_2',32,2,001),
('1611016310008_2',33,2,002),
('1611016310009_2',34,2,003);

/*Table structure for table `tb_pendaftar` */

DROP TABLE IF EXISTS `tb_pendaftar`;

CREATE TABLE `tb_pendaftar` (
  `nim` varchar(13) NOT NULL,
  `id_peserta` varchar(100) NOT NULL,
  `nama` varchar(100) NOT NULL,
  `email` varchar(50) NOT NULL,
  `kontak` varchar(20) NOT NULL,
  `waktuDaftar` datetime NOT NULL,
  `kodeKet` varchar(11) NOT NULL,
  `kodeProdi` varchar(10) NOT NULL,
  `id_jadwal` int(11) DEFAULT NULL,
  `status_peserta` enum('Disetujui','Ditolak','Belum Ditanggapi') DEFAULT NULL,
  PRIMARY KEY (`id_peserta`),
  KEY `kodeProdi` (`kodeProdi`),
  KEY `id_jadwal` (`id_jadwal`),
  KEY `kodeKet` (`kodeKet`),
  CONSTRAINT `tb_pendaftar_ibfk_1` FOREIGN KEY (`kodeProdi`) REFERENCES `tb_prodi` (`kodeProdi`) ON UPDATE CASCADE,
  CONSTRAINT `tb_pendaftar_ibfk_2` FOREIGN KEY (`id_jadwal`) REFERENCES `tb_jadwaltes` (`id_jadwal`) ON UPDATE CASCADE,
  CONSTRAINT `tb_pendaftar_ibfk_3` FOREIGN KEY (`kodeKet`) REFERENCES `tb_keterangan` (`kodeKet`)
) ENGINE=InnoDB DEFAULT CHARSET=latin1;

/*Data for the table `tb_pendaftar` */

insert  into `tb_pendaftar`(`nim`,`id_peserta`,`nama`,`email`,`kontak`,`waktuDaftar`,`kodeKet`,`kodeProdi`,`id_jadwal`,`status_peserta`) values 
('1611016310007','1611016310007_1','Arie Sapta Nugraha','ariefujiwarasan@gmail.com','082299041770','2019-01-10 11:25:39','ket1','11014',1,'Disetujui'),
('1611016310007','1611016310007_2','Arie Fujiwara','ariefujiwarasan@gmail.com','082349328955','2019-01-11 01:48:26','ket1','11011',2,'Disetujui'),
('1611016310008','1611016310008_2','Arie Sapta Nugraha','ariesapta.nugraha@gmail.com','082299041770','2019-01-11 15:06:23','ket1','11011',2,'Disetujui'),
('1611016310009','1611016310009_2','Arie Sapta N','ariesapta.nugraha@gmail.com','082299041770','2019-01-11 15:17:22','ket1','11013',2,'Disetujui');

/*Table structure for table `tb_pendaftartes` */

DROP TABLE IF EXISTS `tb_pendaftartes`;

CREATE TABLE `tb_pendaftartes` (
  `id_daftartes` varchar(50) NOT NULL,
  `id_peserta` varchar(100) NOT NULL,
  `kodeTes` int(11) NOT NULL,
  `status` enum('Lulus','Tidak Lulus','Belum Tes') NOT NULL DEFAULT 'Belum Tes',
  PRIMARY KEY (`id_daftartes`),
  KEY `tb_pendaftartes_ibfk_1` (`kodeTes`),
  KEY `id_peserta` (`id_peserta`),
  CONSTRAINT `tb_pendaftartes_ibfk_1` FOREIGN KEY (`kodeTes`) REFERENCES `tb_tes` (`kodeTes`) ON DELETE CASCADE ON UPDATE CASCADE,
  CONSTRAINT `tb_pendaftartes_ibfk_2` FOREIGN KEY (`id_peserta`) REFERENCES `tb_pendaftar` (`id_peserta`) ON DELETE CASCADE ON UPDATE CASCADE
) ENGINE=InnoDB DEFAULT CHARSET=latin1;

/*Data for the table `tb_pendaftartes` */

insert  into `tb_pendaftartes`(`id_daftartes`,`id_peserta`,`kodeTes`,`status`) values 
('1611016310007_1(1)','1611016310007_1',1,'Lulus'),
('1611016310007_1(2)','1611016310007_1',2,'Belum Tes'),
('1611016310007_2(1)','1611016310007_2',1,'Lulus'),
('1611016310007_2(2)','1611016310007_2',2,'Belum Tes'),
('1611016310007_2(3)','1611016310007_2',3,'Belum Tes'),
('1611016310008_2_1','1611016310008_2',1,'Belum Tes'),
('1611016310008_2_2','1611016310008_2',2,'Belum Tes'),
('1611016310008_2_3','1611016310008_2',3,'Belum Tes'),
('1611016310009_2(1)','1611016310009_2',1,'Belum Tes'),
('1611016310009_2(2)','1611016310009_2',2,'Belum Tes'),
('1611016310009_2(3)','1611016310009_2',3,'Belum Tes');

/*Table structure for table `tb_post` */

DROP TABLE IF EXISTS `tb_post`;

CREATE TABLE `tb_post` (
  `id_post` int(11) NOT NULL AUTO_INCREMENT,
  `judul` varchar(50) NOT NULL,
  `konten` longtext NOT NULL,
  `status` enum('published','notpublished') NOT NULL,
  `create_time` datetime NOT NULL,
  `update_time` datetime NOT NULL,
  `user_id` varchar(40) NOT NULL,
  PRIMARY KEY (`id_post`),
  KEY `user_id` (`user_id`)
) ENGINE=InnoDB DEFAULT CHARSET=latin1;

/*Data for the table `tb_post` */

/*Table structure for table `tb_prodi` */

DROP TABLE IF EXISTS `tb_prodi`;

CREATE TABLE `tb_prodi` (
  `kodeProdi` varchar(10) NOT NULL,
  `namaProdi` varchar(50) NOT NULL,
  PRIMARY KEY (`kodeProdi`)
) ENGINE=InnoDB DEFAULT CHARSET=latin1;

/*Data for the table `tb_prodi` */

insert  into `tb_prodi`(`kodeProdi`,`namaProdi`) values 
('01011','D3 Analis Farmasi dan Makanan'),
('11011','S1 Matematika'),
('11012','S1 Kimia'),
('11013','S1 Biologi'),
('11014','S1 Fisika'),
('11015','S1 Farmasi'),
('11016','S1 Ilmu Komputer'),
('11017','S1 Statistika');

/*Table structure for table `tb_tes` */

DROP TABLE IF EXISTS `tb_tes`;

CREATE TABLE `tb_tes` (
  `kodeTes` int(11) NOT NULL AUTO_INCREMENT,
  `namaTes` varchar(70) NOT NULL,
  `logo` longblob NOT NULL,
  `durasi` int(11) NOT NULL,
  PRIMARY KEY (`kodeTes`)
) ENGINE=InnoDB AUTO_INCREMENT=4 DEFAULT CHARSET=latin1;

/*Data for the table `tb_tes` */

insert  into `tb_tes`(`kodeTes`,`namaTes`,`logo`,`durasi`) values 
(1,'MS WORD','PNG\r\n\Z\n\0\0\0\rIHDR\0\0\0\0\0\0\0\0\0>a\0\0+IDATx]|TKБf)\"H\" *QDHHｷ\0!!^.{%\\5|<r}vfggvfgYP\Zڮ@ju𐣎r1C:xQ\09!G8\'Y-kKKx\nu`Ơ);Ykg<0LѠK	$\rzmC`s8,6\'*3xRec> eesx87` %N̙m#sl~dxčRWDn,67_ˏs\n\rPS{0IՃ^(wk8ykݙmcD@\0{hC|$rwfR/Yz~·9)E}\0\'m9hA]6B۞(\n2n׷haX!2}ܓč2#=l\'hhb\'ŶGakOmnj@t;\"ty`L6/EI\\EOCm5?AFlnC\rmmm`4\r0,PRE(~:A8eՐ̀1Ϡdsxl,!`e#cg111\nRdZ\"^oؾ`m\'uFhb^uF?py\"D@_j+C#@1;E#RIZimg!QeX|Զ\r8V\'O\rԊî#s A,6%>3R/2XxBy_9G?3.b@䴚H\"Man5uy%I!`3{B6i@h<h,^^CQMPoHl(liQU30VuaoJ2uW4H=`ƴ|B1u	~Ζ_Pm#A\np\0T\Z#(KtPѿEPiz#HrVcrR.ȸv\07XЄOlrV>	Ճ@T/(i*wBRK9\nPG12F(R\\uz=3&HXRH))P#A>\"OpN/~#?`a!A(Vj_l2BQ!3W0I\'!@m6扭OzA ?/ѹw<(p1}]w\n9Am5Bǣ3!>RA ,Aip$UZϥ_=#kDe%{PVؕ;RE>A\\h-8T\nl6k\0a׾9مV	>e-s&y42\0\'\\ۢ>AXQQQk`=TG0_:K$/-	9&Y7ŵ?ڑ{IU%^є	\np\\?~$w/x_8\\~FY`sl\0w{˪6:Xt]P\n,6ˢ326~5UR\ZbsHl?iv}\nW\06Ar @\0^Wo+a].̼N]\\lyՖI2__|}]	&a+d A.B&\0R$\".8\'I͒H=u->DY,o.%5ggsѨ=~._Rk-~!i0굀7dm&%Ņ@$GJ$r#S\n@ebӈ\\*+hɻ0g9w|qϣZ }f:|TC:v_xöq3B2P@lc*NXo_Rgq0o|{=oWc,G\"YZq=G7+QAGq^*(o\'̘\"ȨS ]6#|s,\Zڕl=gЩӷ$(2< @	oܸ^\\g	Q@N>!6`˫*$*PQb	jZ>0.Gա8FtgtξCd>8e=0!^x8|BȕBhrLIS٩cMt?>~UA`Sp|\\,Jlq,W*zӈ{A!FyL})dNor:\Z+.#hr!kwm,u\0|%Y	uck&gIt8!׸Om7\0+ѾA\"8Pۘu(9 -0G3{/ɲrpp`yC`s|45B;\\IoR[~UZƉLN!L5av*Lus/m\'80Ëp>e\'\rއH/C^s\n0xߠ3X0W/Usq(@!a-/LOzf3>jF$N!9H\r\\˸XQ+-9<MzoAg8y\']	lK,sr×/9N]tLjL kvW[\"Y8dPPȥ+PL!8VNyQft+a#^9Ien>FrN2\0_bI \rydJX(6O@kx#P;_&!\0F!\0_4<M8wfv>ӨΗf:a01_v\n$uadHkKl B}ɥ!:u\'t~r]}zFQXl-2[(%Ϩ׆\Z4ud\"<4-k#=4\"PJ\'a\"eX\nf$Y()<rf a_K>!`V\nm`<P\'1whK7]sDߙ\r]FOjB\"n1!rJt?^vҥJfBQ\rNzJ!S-ʛ/!TXE_ʐeE0pyXu9v<PYZ\\UgPĴ7*3bs/C&ojnW\\FH&pRO<i @R(K\Zv;/ƿ_]=|ُ^o[YN)s.ENżrExM]%B,mU}a|ቆ0WCPI*bVj\ZO,L:_d3]>\'ȈB\0\0SAyv_7E?K]Rn	HEbqоY8DȨ#våCNvOR;4K3Y)ԋ\ndH$Vd2`d@L#FϪp+)ysWX\09%pBh\\L۾^N\Zișu(daҋm[hP9Ь2@DD]( n/N\nVkIk]?ܤ-A-6	Ip8<όIb;\n/2A\r\Zj;h4K:d3kj,뫷:A`?o;|f/?NAj\"\\m%t:rGBL\\%6B:Q	G3hxبǘY	j#LDbG)\"t&aӶ@znYyL	Q~U^C\Zj|\Z^k\\_7GQ/@!&&d\'BM<`::DX뇖OJ9|q?b\0-_l%=3FK\0[:CĐ*ŶH}!ORu9%0l&0055RT.i׾K\0Z 22)D|Bv~	Ѷ\r˻|d^]r:,?>1-4ޯ8fީJ1_TÐ(wWl}AF8}A{:6B}le8		R\Z)i_U/\n`D)Ȝk`ez!R\\͕JyٙhN\Zw-4گ:/YeHFd\0ޚ\\ a	% O,I\"Z6/B\03=OGhƒs\";ŉ0qnaNڵ(\0\0.2\0y\"Þㆶxf\"vU;[8\0~+gh=97ryH8hв~?\0IÄ,>\\;ނ/?d{[\Zګ\05F!4iכľ	x;I<m3dV=Hous6߮8j\n\'얥wVgPq\rtj%Hd\'Kn}!:_q+0c1ets8w4Ů\\d\0>aMzQ\ZW?9U]ZE#;l_jt0{2V\rB҇(\\|T#P݁t@ͳE_~	۶Y*AS<c߯$E\ZUBʞKb}fRt~e\0,ѿfR80[\"ܪrN4/XsV\\鷮Fu{ߕ۹\Z,\'-G/0|YB0f]@uX<gyemDcΊca59cBy` ZgnbsY(|Ctia\'?\Z[%qnd:ٸ(igVUZ3s=z=y>}NDǸqCf:_Nt_C-g# Kg\r೅`k;*\\`, u\0<W\ZLӮŀ[co*{Å0+K\'A+sl*]\\8&݈>ॾcͮK0o	k*6g\Zv,6{X`kcDB^8u%̻sv}/ָ%\"(#K?d#/3wB/h\\glԤ4&XPcAOagi\rOwkhם.8&)ԒĘ f3)]k07.t\0H\0Iþ8֩E$L{K_{wkD9~{F_<Aoh\\/RD~az᳼C}t]$2:ϣHf6/L~P1]H-R7v*<}A(\nAWA~#.w-i<Z[L0王0oqwCƕ	nW2<@&>Fo/.xؚi)7~+\n%%*GWodsAXiaw:<l\rQ?Zl{zDn7ΪUߠ3#T&Y9U1dkz~v=l2i$bR\n1~~g#b+U3w2XLZ`\0m4hMLg	xfֳt)6j2	QPM:gG`Pگ`iz]%\Z,+.h!}#L@Xh0J-)(Jy q7UC&i;/\\޵ू5*88dcM{Op)<gZÐM}	.ʡqv	\\̣b79-^D]AIEmE~{ˊc4@cHdJ\ZDAo@.2\r(wm	h)Brm2M_Q5hK\\Zb-ɭ\\	_ٙ*B8FV4֖Df|J!\rޜ\n2,׺bCٽvܬTٰ}v|5&FJ̹u΀0KCMMгrmprrfv³ZUˎ 3]BƨK\Z>\0aW;F1<ཕt6ʔѝJo.MJ)\'Ǟ7e\'G/;\\p~DbekSWl^\'ur?maۦ_59\ZUKBl:I+eAq.ekfۂr~!sExw3xcp噻zYRM@Jez`=>s˴ɩ84\0R?D͖t錧^DrJ:GuaВ1-pxI\"pwq$ٶ_Fvw[iC`HV\01&l$t3\ZMa-0\01E*\0|_(q9t4m)&XbwCvEWu)V^@Y.;hg\\d~5UIqkݪo:\'*~?YWqC}<*ZBpt{.;|=t\"dJ)\"NBa\Z\n{:ydr>\r:1hlOA&T+ϞZ7@꟥q@hEd]_w(<yfsUe\0bhհӷ9\r̣0k?~?UA{\"3AAAtHU]#`O*M:Sa]Η(c\0Z\0#>ҬncMHABf*l\\׮ڵ24O۹5\nVfTDGڊa^.ȲO=~-Mq[\0869p\\F&3cSl[OYh:vl`yy{	g6NhT+PױFJ1Y|h$4 O}	mBypSwʚB{x{D6!-gMpჾ+jNv}@Oa{eK;3f%~8UYO0\0_lV`XID\rE\Zg킭V{ʙC &̯2r%?:4@ng#nM\\+}qiOЕP@D<oRX^ne^w{;%\'|^7ʄ;(_Ϡ:\'\nt8Dq1X\"BO.DZ~UdGeɱCk<ۧW*=HxnxlsngkwTiOUud/D\\}\n6nP\Z(H=\\)icܿ\\DCt\'CzeɅ&(\0Wv8mB,Ud/]^nuL$χ@BL2EvFnٞͪ6X\neܚ}\'+*kɁV41c?\ZwmTmg1~\\:רة067NU>akʹud5!:0;`5(a&09ZFfDg:*?m;x>6/[\n{\nxNaLۉv0Fo@KZ<gz,]9?$5ߋՐQ\07PNχ[w\0df#J)P@0Ri߶30{I<s4Ewt%nW#@Ì]HB7\0O9r@xǪ637#*TAJ˃Rs?g39.l``ʁ!Yg<}ZBeiڣpl̓\'>dJ\0x8Vady/o5i+W*HB0]Q\r<R*PB^a	p\"~ &QJ#[A,kήڕ/\r(\\^=\0،AN:*E?d#?et7Эl!II/@8={5N^NO6mvR6|<AdŜk>a+NLW1Pzo%~YZU[~\0L)\rcɥzǲEcͣ|b$~ KB۳ Qic{Щ`\0)te2.owhP+-t@౮CPLlg1|%fu\nՔ=N\\\nP&-yw\0c\0fk>z]+h#V\rC]FQxG2zj\'&?@\0tKb	t{k$ nsI3:6C!Sșa$h@cw$NϼcZ8=zrKF:KݲnsI3bXХ/4HF\r 88NCE@*:o{I;ݼ[-2hT7vh^S<µ1LAdaR#zM\r\"ʵڝBy֑e/+35hKZbDh@L\\{Ѐ1 80qd7xwrwdc?uanԭ!Hx@HbuKڠ pbD͚=2лC{߀g-Kڮu380pѤcuKR@a2@J~l(<$ܝvl3L/ɞjWescMF,ЭA]N!\\uZH*s5\nwK-;g4q_rW.rkAe\0G4|<QfE%U0\'\0F9G\'@	#Qe=x-b;6MkLDvxO  QIA]64#6H\0úW\\W>1[]eᴪsW	ud}@0F\"~t+\"67>@6+gGYW$ﾹahQdJvx@$<L.=  0BBBjt\nx?̕fL}dd]Iێ K<l4|rI|%F	RMߐI;Z,,a=\'\ne/@6~жi8	hwPTL(+gg]%O[C=\0>1C۾xA7k I嶔nYY!dy9-@3Рq=1-\0<c43/6\\Sh!!](	-eWG|g;L0g7YvnAW1Q(ܸ=dm!@΅1}b \"2텇FJ6\0l1)G-Obԕ K.vDn.y/a{b *2\Zf\\Bxmcn8爻l0PZ\\^EieF\0?װĜGP\n)H6g~k^{	@X%	l..<U\r`IʁEe+*}fs6W;M5ڏZ!RDJko@^@Jj`42n2e*5f73CShY$:E\nL.q8#~\0oI\0v`b)zMqnN={yb?	Ǉj	{LdOM9]I)6Wkk<2\rLb|A	[\r3èW]H\\!m6eqPp9{&9W \nRʌ{:\rlW[rؘ=°8R4𑘎օAgn7wͧ8vgnd\'lZxLx08S#tzXˢ?g_08M)@Zyr|x\0d\0f4t|c#_`1e;J\nHmqV~Ngd;dBl\\QgkY?n/a&K 8!<2;5ѧkK	qjhs,TBdk_҃>,6G1ExsaN~\nc,MD5ET4uiZef\ZAC2t1HDL]ӃzQHaWȰ&}0vGg^[U同ؓӵ:\"UYj[:[Lk9P&	«DAQ\'CE>O0\Zf2J4ʬT}B=BD]\0\\12AL\\wOxvS*əH;\Zev	-!$9\n-/v#fʓ2bЕ/\"M>8[gѶPBwx8<\Zr\"#az3Y+-Bӱ?cO΢\"H8ޛmf{GGxY8\0\rzLjmVfR/zM!Q	1Ty9Hc7[]qlHd]tovhxoN#ѤB\"\0M4}I]<_dwؤil#fNR6v|#3Gx4##II+mB܇J	m9qjWy5mVGZ4;WZ@<cyˆjt\0\0\0\0IENDB`',35),
(2,'MS EXCEL','PNG\r\n\Z\n\0\0\0\rIHDR\0\0\0\0\0\0\0\0\0>a\0\0\'~IDATx]|S>;MGPZZKS@YDd P`Pde2\ne	\rZ.ۤiv6MJK䥴Џ_H{|s}s\rӾ:<]9Gs9Gs9Gst|Рի.A=ku(Fo3N]Gu_=%7l>7d0RjdLf`ݤF<Ճ{&HWL63:}\rer؍()a2eٔ|9;놧}t\'K+ƉQCAMFSC#V}dcMAuȥ7V~Fj586m=m&n)#q\ZZ`fDftT{zxOj~5Ȥ7D ~4ۨEw΀rmZHκro}[lj$P-AMtCdPl`TI^l=X|vLwlD#Uxj@<)/3XLi7B*nwfMu-y \0E,ar)ETt9Y&#,DeW\Z9FƧy/N/.KrX|N0e0E_rQk`[vFdr\0\0]6@UՄ+@LzZLDD\Z\"&	\" <9({0!EZ]lI-p>z\0b`j;mV1AM:C&\"^Qoޤ7ylFMFcbk#FQVm]jlM\'yP\0d2?@\re(Y[=tͭCFj8==̯b<&Zltg\rL)ri>rpgBWJ\n)\0Fj%V`0ae83jSǯwc+5<*wpKMvTeB^??hРrrE7֠\"	&&INa>\"L!,&\"Zj^	>m\n7V^&FUjPXwj+\'\0\\å \0^^^h@U@\0*DiU0<\n|\rbר%J nSTQ\\K &{O|	|}}A(E\0fѼMw?zdfٔ2R>I~\rW(ԯ_@,W#	zy[ݤظUGeLMn9tR0ha-ActzA`` \0rĕ\0`/+Dv]pLV ϟLy:E1nˣvba>d7%sǓsufM`U\0&\"k`ר\r_iEUymߟt$p60żzyӽp9rs59F&A>ͦ*<`b|P$#tGPM3JGG\Z7|RM/0l\"lnްѾ\Z-xz@P CDp\'&\npS6֧eJێOȼKڬQ\Z8l>e4vbY]\\_\Zx21y\"8|}pAw	_RMR7!;UOmQe%ğ>&2j`erQC{\Zl.\'`vOk\nـ\\K*!I!\"w#C`ƙ\0\n0GZ\n`ÅH!\0/=\rsgPWYSzU\"\0dܫEyPGK	x(T2\\n\"n󈿉2Qjѻa-Ld4#fbU[\0Igplz^?q:\ZȿNR	pD\n۫Mx2^ne]%V\r~\ZG2Q37Eq%#Sim\0)cTg&o>D\\\0\"	1\\I}w,*i\ZDp}6Vzjm5kg;biYOrܳaL\0=af\\I\ZbqVN &Ƿg4y;K2ԙ\n_B݀\057>d\\k\"PJ>b`}`PXlᎡ>{|@Wo1,mռ-WL<Y`(iBKd5s22)Z]E!%|op\\=ߜYN\"Df=F{í۲n\'zcRA&lV\0ȫ&1]׸GҮ(Mn\rifK\r:hy;4}~\0c΃Gqd.~IX	#^vmCX(*(@\0G#:;j&;`6OdGmcxeݻP5Tѫ_>8t<`3yn82tpU,è3@	Ppr0M3\0\'/|X@kAߵh2ۙw07x:my\0H ydJC9R\0t!M}WxLh?Yg(;CZD[rVA`P9;9B\0\06\Z9B\nn;N	0X\Z\'ia\"- Q0~*O)*\rޏ#;XS<G*f1u6Nal&Q٧ru$V6p`ltF=ql1o=+ZWR\\ԫ*{ݶ\0]e0zfYO<D_SÎ>;tiGk{\06pX,$߯\"vj<Q/px+W$ʠ>O8UOX:SdRCS/s^[	@a#bW7<@wv {K=;WFw\0ðsv/l;_:j~yr%G\060l3 rc`q5^/}wj9tQA߼Kf8\n&:oR`|a $0<H?@<!Pac~ʼMs=|7I&<@ɥv\0)Ja-$MNE>(Ws_a]]cd{Æ)78{,py U(+D$#J*\0ͅ/&eN[)(fodJ`3P7&UF1.d㚋m9)=SdkC;AB2u\r`ɜA	yTR \Zx>F?~דr&zgI0SgGmB<,rBO\0(--ԗ#cXfuQ%#jmTݼaeb\\ě@@;tqR)ql~\Zci$P)ꃭ:>Q`tD`pz.\Z1\"BXÍ&#Z9g\r[F{><:|Mā0h\\d2l>+lڨ5,?1z\nT*ٔ|W9U!\0\"ͯKQёCyIF[#Bw֐,p!\'á_YT\ZhуI$_nN|ͺrU\0ӷֲE|IE7 N9Gy7>\'+wGTn>NG%[raPބ\0(XzD8Aov^! fYߨ.Lͺ@i(VA,X 6ܛVy{c>xI+1\0o[L\n|]==rmuftB/)>>>+j?6QjVg&\rs,\Zw$g7PTfvÌ&\rcÂ<HK YSgwDKNa-aЙ;{\\+h#	BbNga\'߆^/ZmVnP+PkfrQS{Ki5ߌG\rI!Ztn5FCZb`Ƒ$g}>Zճ.o(67\rhTv[lh\ny\Z0_ÚǩxHdl]@C 6qIoȍ3L4CV$\nAf-<7!\'K!3j#?eP-`<61]{S7lˆ2O(8<c9thu)\0iy0htҺc{;݇H΁~mao:3lsy>Ӛ#0u$7?2oKz4~j5A,TZ5n- \'!a`|HO\"\nyǇւ\Zoxu0H.QAѲ	1O|NòÛaX6}߿Wsghv} )#懴<.nLhg_ݤ>OAI!=V\']?*2qy*%l~~^\\0oS&eu{!\\(CÚpai\0LM$ntr\r1VFupUZ=uS	 ?>;NOH{i	bЅ47CNagZ0C*\0C?0fnm#i]=o߇Mٷ~_,mnn Gc2Cw6y``_4V\r!^+Za^zJ;{c. Wz*`Fy@<[T<BvO$.ͧ~GKP\ZtU#N&D% 5ȳ7@L&e0zi8ο[Ԓ)B)ˡW$bQs?+7C{B\0r+% KOg_yw_:J\rYB]D&n8cðf{k8HT\\{>yZ;QwīҀ-aƒ!klx<Rج\01IZՏP`s&fUA(ìFζ2phq$&Cܭ&ovT+o.w׆z+~Ҍ\nұ~pjVۯ>onePw?[8c39t0ŧL&&3erYղz+ó7D 8L4nZHlNU_ё:w1jtty/e	Ew?ܪe(g]p#xl󱶠{,,+{dwbha}aA,aJ^`Tz!Y]\0]<]#zS_^2\n,#H\0g!B\Z\0l\0x\0U|WypgOme_]%/R\r\Z8mpRͫ}tÞͻWߩ0k1٤Cr0K`jB.`Ku\\d|UH\nL౹Cju_~\nn:ԅ*Jf؝p`0\rlM<\"잱\ZBD^ƁazO B\'_1y*ݠ&ȋO@&r(܂&kpWT:Cw7&v\0\"Xz0iؘ.N]=CxXF^i\rZ@`rBD\"/>|pp$<>B`(ܛ輙zơO:l0\r\ZOǠYfY1o-/>}ge %\'xI=*%;q0s`Y+L$K  Ƃ>FgESɦ?&싛Z,8tt\0\\\nz&nLk)q`(lڏqf #@]+%\'`Ufr3L\0\nV!Bזx\0_R4uڔc. uO\0l	(-Hx.r\\V?.kn?7O]hJI|m}&[I\"GJ\"toFhuxA7;ԣwg~Aq\0Eա6\riy¯|c9j[IQabaS@Op$NZ&L	=YFYT[D9xQV\Z{sFgQm\0.\\#GGG*w6ܶg_oWN><.mrq?>[y7!ajDҠ=HVPQ5^\'( 4J\Z3ݸս␵҉p	\ZCy\0ZH x?EZaQLIl80*wCae!cQk)q!l2a1`Ļ0\0vRi:(N D@pW|ޣC+mM|!Q턅-d)Ebf*LٴU|7{AD`C.y9mթrQkw,A<nl!yǇc|OҦ\'w%ͩ-%l0+\r\'5]u}BM3쑇0,Fݒeuǚ.!At,A8,e0y\rl#E6\0xEX+FS+z[FDwÚ#rhʾpKfPim~@DYC\06Erܛ;,y1:mx|ɤd%($\"!x\nzr\nXo,AZ(L¤`\"f77Ϋc#WÃ7egOhZHBw.JW /,$Z<\0BQ\0aURdN<pmLť{|#f <\0=%Has\ZaywS\0L񩉐L=L20ª4D^\Z|2 zBR\'./j`yp߿\n<7-f\Z\n0hBXBta%:$.n(dUU\">9-VhcWL)v$:+fr엃>|x߰	09ll-*9IA%d(/\"s?FFB4s5Sws}&Ew6?	eu,~P`U||ÖKst%*\\}PpIgBr]|.Y]\n9X\"qʕujO,P@Xݙy7c\nZ_P4QͽewmB>ܵB-M\0\'ල`VUtzCWǪs~1ѐH0q|_N`y2!(t|}ݗ߰\"Ļw,gQ\\V2i\r05!湉m[pI(OrCAu.6η,H*qׅ溡1#FbpX0Q\rǿ`:GVQEދ\"^>ТO>!RDQ{O5F-R2@7aDN:PXś[P:֥$ݰbBLT~MYBn<\0E|{DA@%aRh\05@	Xq>;v%=^jk!20|F9<ZC⽘CWӲ\r(<[7<i6f//{,2;SK839\0p$mx̼MWx=qǹ>l ݠP;	kˤa#:.\\j7|6@.1\0DR&M\\7N,]09\'6Qlj 	Y	C>`@d^U%yX	0-7kަz;~!_p\"\\7a,fp1if=Uc9VIٔql @C\0\Z*zdnghmĠ!ya8l+s^NXB\\:\0\0l&2R޾b>)Y)	d^H\Z?RI0o)XAKa!(ã].0y*>|\0\'J܍A]yKqm\ZKV<0P0?\\G;>`H@]vAIgmKS4I*vݴ?\\a?\0?Re7øZ-\rR\'R{ŨѶsdB^X6qj\ZIX>&z.d H.uw+}	>Xw^lNL--y\0\0uD<3L6NV<e;ul)`]T<yrAIH|9I1h`8\02&oߗw\0)x\0_¢%0i	sQ@Na)\n)]~!20	HV\n!P;NޝM2dMqm\\\'+2~V޵\'Q H\"D\'e9+5	^{˨^cpY9Hz6jE6[D<&1\'qǹ7Pq|\\&wn5BHelLWB\'б=S*\'M8se¦ÊfJRWR&GXqO+hkh\rÂFwa\0EOycGGof\\F`\nwV;b;n-sqGzvΫ,\'^iq\"xaFP7ty}*EP?DHB{>dpٙX1,-?s,N8\01^.ݟy67sUiAM\Z$B\\/~5M*6>QIpf@afAs\\\Z&yUR26댅LT\"cRpnnuOx˼tԈyt&\rFi)F2#Tkt:ɠPg cjF5ZLPڄ[¹Fa2$<wq{QN}dy(ZyHVjj}&jSaQmVrSJMP_]WK^&\\]k\"cms`+Vj\ntL\'BO?FE+iT\rZQ큳[\0*&-Gad2i\rE;_6RǝJjhy}26%\Zе6HfU.J06ÐƏHO+\npD\0,jm	ks+^.&kz%a>fyUlj3f:PR!,4\nur$Q-\r]o.kd\Z]tmN&\0]WI8fAjR]IFNX\0Tj	NXEI}sH&PKLXS\\BfxrE\'>l\\9aO4aiO5itOuxQG-+\0\0\0\0IENDB`',25),
(3,'MS POWER POINT','PNG\r\n\Z\n\0\0\0\rIHDR\0\0\0\0\0\0\0\0\0>a\0\0\'MIDATx]	|SU?ٗM&m5m⠂\"n(*8#:#:} \"\"e)]4]6}mB\n\r4ɫ-=s<\rޥ\\Zt\nGpt\nGpt\nGpt L&y)g5?1^B\Za}/3ȣF㡘.baWMwÝ%~W!ciu^uf_/\\0\Z%.!\"|4U&t;C߬<\\.{N@vx]4+sEgcYL8MYL1ٸ@&@-v	60UFi4^UyBuA!	yltŇw<\\`_\0ƙDbv>:#zYv»$9=uS}s*hv@$@z;c祙n+QKn˶/OWH+r\\$C\03G񱦒^uwy㷅lD\rJ\"Rr	Hz$Aaѓf;L,&|\ZTQU|UTwa4!_{XP蓮|pG+X1	آ[\ZJAIgABPpLBkfz1\05^Õ(jqTaBܪ^?N	IW\ZC:Kl͓u/	PTZ= \r	+^\0a_!d9X	a(AUd	X41#6GEa%v!\rwۜ\'ψR\"w(uZ\\X3=t]/ǻ>5e̳2%VС`K݇A&*1wZc4:g\r-7j-C8S\n\r+\n	.zDS&<3kMK%.Czj*FX̪@p9X\"0zh.ikx\'dYYX0v$@F\\Hk?ۙ[xYXEceW7֖|J\0\'BRj:KdJL\Z-YR0kaf<w8T@tfCnXfo8wp;Fk]ϥ?=mAKPm<l?.,RRR@.si@a\\?b_~})%\Z\0R_~~HI[	Hy 8lHOOB|>?s_8֮\0OE&dEtb\0\\澫OKOAP\r݇@VVdddR@/~qlor2beb3(E	 H\0.=cFK~s%<!,	A(\0oJ{ÁjpS	|\'E?C?cр./7W2%\Z\'HOKcՀZnZH\0ˢ(|SX-όUspѲ n.~%@i]\ZIII HZD>y>KVZ=\'CNn	@ crI޾IC~}W,XO 6#;	dV\'\0CSP8\0_c^wjkK@Lȗz)&ԡ;\"Ua_P;`U@\Z	6hj,9fs?9ax/]_rO\0N~;T[		H-sH TuJK$UY5OO~8q06:eWEf\ZZ|!0ew[:rGIr\Zz}O+zvXւ(\'Hz\rq~_E@o1#\0јrlV=_{\0>}ri.wcphxHS* C&xA:]6`8zV`c3 \'<8,\"쀺_`v{X]pEWyQPΈ`57ԃ\'Lbi.7Msn)`Ab2MWB>#ɼ=?C]płyΪ^o-]@MˌAA	|UP=\r}[B1NPLC|k@bjWQ 1bA!(1Lډ	KPm?Րh\0Z ~@͂\nYA5.E[&86(g$[aZL\0dCӺ\Zm26l偌X@!bXPa:j_ŵ,?T3cO0H\0/sϖ@	mMWHMVWسZL\0/L[îZNl?,\n6(s@\Z \r	A9n\nč\n߃W[~2p3!Ix}d_h[yMKKLaZL\0N~O{u,v7A*\n?I/A=bm`*b,Xb}!LӁ>y`G|5EVg@aT:L~iPrKj%H!!f?`)3η\0:PQaӻEP*` 	bR߅Ā	Q8)=}k\'`~g)wl䤠~l	zl\n\0	x{K.~\r	h1Ë%D44\0a@*b Y*qz6T-8輒!W\ZA̒}}|°\Zvù)>_B1n@#=\0|Ol^	d\" JH?䑈Oڧ L>{M0̻Wlm-	?@b|bz.#=b˴YB\nt{w#$R0<u/x+#>o![1X4;R\rطGh<GˁMӚWwZ<%/#=%VA!NVo\0@\0%21Gf\0vBW:3vANatÎk]?#?m_ئ]Arg<:~*7@VF:\\E3FPa{fr!`-TJ80ab	*k#?٣M14\r|\ZR2ADFc,ZShWF&ݺC`ze\"d,oC	\\1+xi}͎R~ y1rIScAK.6\ng3rywe\Z]CpS\"3m(f\0CjӁ&\r\n|YWz\nY8k>5UDzaՀG3)}z>PTg`dIDm0ew<\\a8].1>/PhZԲID[&Xcb!{w\rω]j	Xwn\\Lݚ#51 dڑ=qFjBG\r}\nCsvFd;s>tx w൐?>ץPVL0K>3H\0B2AT=\0Oew-dTDdl]>Oc@.Kf%qFyU ԍS^bë99ݙzX\'*CH\\8Ń*;r*sL[c\'?\\Lpm.tcsRb!=E\'<=9=2H$(򔡁jn~>Y1dRv< ^\"bG[vL/<\Z};h$Ø|̜	૭\n=Y֢}\nEv lVCS/;Byh~e~Ƅ̎URssyP8w\"1D7EF4ɢQRH@*\'i#M\0\r\'f-?\\#b3_\"ȉ^)zy/$\0Km(OyxM@ 	I-c)$	Q\r޿G(Bv(6_3hRN9lprƍM`ѼOOWZq8!(CO mܦS 矟$$>q/D=2ZT+Ɔ ?_zh{=!@@FV|:=&~d~|v`.8\0AD@Ɖ[wSoq2NHbd@pϣsC󊯀/6{c,Sd	(C5V0lfUAHv<\ZRzD_(gpdIR;I|!\0|hJa(؜W>izFes;x2\\\n}7mӆz	;	N9d=2,+©b[	^*y	86R2:<@P?rUEzPHd惍\0%/+p ylЌY5@Y0{jo2p\nqC~ z1y=Apeϼ(%)Q \"nN\\ÒIRX[5׆uN5\n_{x`ΦZEkA\n&H\n@If?6s?Ff[{8(@A}4iA# }␆`risA}!	h_D7*H\\\r5ibXO-c\'PkVB7^\rB[Gh m\\\\&_ $ԂpxHr}bur1Tƶh07%	 m\'ӵd?,Bвσe(m8t#U6wK4=b@? 9M#z6R嫷7,FI5	JXts]쯮B@r3\rv8y8Pl~^Sݏ~:vV&pz\"޾&b|+6=D\n$I)!ꃁ3nbp!vډ3Ac.ɭXPnw\0qLP\"7x\r\Z]x\'GE*̟uTTe0D10<+sNZn~\r6\n.|\0laSXbM\nH MՃU{_*.:8}\n٭pbcOqyxOIލ:6/40yx;/ZWTS咚;qhl\0fX9WsH2h?307Hs@k?[LV>43w=?Wv	H@%\n\n}+ԩS~<#`[ֱQغ6<[;k>z\0@@D ?E˟#>Gs aj	\"+(4&T@ѭOӌ$<oőҿ~|rU_i h$=L-~=^|(Ny=oq&݆_;ODQ%Jv~!{ovh;grx%fo1ԮPQ^0/ͤl{\\mz0V	=ؘ;Ybm୍nWc@ڭ/g9Nѹw5Yo?aql&@U!(FCP]^izXo$\r~|v8s̿5[w5^\Z_\0dVu,zIz\rEݿj*ZYKoLK6=!]}\'7C+,/WY,)io>y`2&aa\Z[laP\'m>H2[:	=:k\nǫ@SLo~MPs3\n*YcAOB#AQeI/\"ݽ\n>wx&44mC=K%\\\0(BÆhU_&0혻 Ϗ7?glͿ$\'R(\Z  #K?Z	\r(0bQ% 8\0A#aXio<=L{ mYȊF+OsyIn@FM]GXEL\nW<_LN66inWqzD>o%CMҤwNP`	=ALLLd\0v@o811Y&2F \0h}4hX*N+@ 7{aϤkAMϵEbcc#Hpz?W}5ӳQuGM\"L~ˇh\"}1ٹ!+(򲜠&#\\׌<tJAyFfcY{K?\"ה=Qsx|ŨgO<=ܿC[BVα%sm\\^n8RkBJHHH\0Y<zq*{<l$Peb\Z4\'hΛ瞡;\0\'}ELdpz/-:薨nHDt\'΄{hV)zu(}./	HzzH05\'೤7z(vM?cg>)zS)D_=j.J٠|yPhp:iHʸK8|1[ٰ05Hp_1)#on5X{pE\09ߌb2rC{Op|\0P0jPcO \0jczRnj:e/:	 \0I;86X3j41φ/q&Ð~~-ټwbk\rU@#`_͠aṀ\n^ypav/u^*\0LiKWgVpF<׃<%wxL\ZD1sAeg\n	\'}^\0M\'|_]>~/wzN n<6ú/h=COY7N)JPnvZ-ԂZ\Zڇү^`OkhX*8\0\'ݑ>;/iB\ry{^,Gy؊O}?&y5x`7\\X,jixqs;Pe.\04*U._Tq\0 5ٜFZ񙉰=bZe٘V\0#B!%55%	c@Y{GZ1;<Mf>nLDm<:s (撄\0=?L? پ=\"SUGՀ0)_!uQط0W]Qz!\'@/U֯(/V\n:!g*yР{\0#J#yyn+Gʞ@P* um[ F3{a)ʎ%a	ԃqlsz\ruOWS%R.@]f̙)inϰ\n$PJAKR\rU	l0HbC\ZȂc7n_陪JCEƙa5+㝎%haD:TbaLeH+\'w<ԄjquM\0+U<X8\0Bx׊Ka\">;$7|\\y5aZVr\ZwK,ifN9\nBBCPREwl.و}62n	:\'\'MŐ~ӄ&eL\r.3oevz/S.-FmzX;1e\'1TD֟7oBҀ뛔~̃=]飏UpJ\0z=Җ-бd#m.(wx-wH;Mi3P6m3E_}GW,	|F{}W)*/Ⅱ\nhSr4Ы9OkĀQ	b$	$v?BoBo4]uւ~q\"졢p* 6Q){]+%\'=N!C\Zq7$mzf/Y(NMqLd%8\0x9qA/|\n{]Z:K\0V{Ѡ\rhxչ/{$*]\0<v\\u%%@JJ\n`Akײ*d{\0>OB3nF}Gخ.UK\n](&3\'E;k^=jx\\+UG@CPai{&tl.g! vPff&PL`Cc	}SZƻ\n0\nh@WPAO`F礿ߜ\\}>n~VcPH\"ѕya}:Qaϋk_O,5Z#ǥO<=׀G #=\r\r3w\r32=X>I\0ACj[\\R>^imbsɶ\0:3 ;\' h.VZ\'`ObQÔ̎m\Z\nKoڋ;\Z\rXiYO@\0R|>J(\01439XzSó9\nP\rH)Iyp#=̏f;Y&DM6pJBiMg;1O/oRG>6;u9>M3{}\'zU~@{L(cƮ3}/IT\0)\0]^ۑÔ=\nydyA`Nֻv.8T6Y.W\rIz\06=lBFmz?Hd\"F\"Tj8$BM!e^t366WN	ZE0$ߔ}bqzX{kLq\"ø$b$|(A,QUj$B$PUeZ~	y`2 A	oT*zOzGz(9U|ȉ\'l|4idc~8ZQ0e]a$338_8Zq{\r,9#@^xV#5^雾.Ev٧gk28MnoyS^8|t)%rw^gYE9G:s%}zBoþ>7=؝CctzK+\\\ZDTcwMZ-y\'56]qʸzbfqO ь20э+ty\rd~.#[58{΋R.f4yTCcIζf`~G+255˄$ -j$<w!!RA/ZU($=LZ#fa:/(ۀC	BfmD~a+6\'Ph]0OV<O\ZExhƎuq)\nHttKM1dۂz	Z\0	֖nY* &Fa6]SJ/π]v9\ZdWk/\\`Am	Z\0h->]M%kIzX֌ualB]\\+GxkIk䝆U\\&\0voVGodΜXZ3+P#v(jlD5[\\!s}YHЪa 攸.x֠EZ3\r./bC-D,瑙<=67͐(ݹT	$\'y@GvnM{Ea\ZoN$UgB`hKs \\=q#\0\0\0\0IENDB`',25);

/*Table structure for table `tb_user` */

DROP TABLE IF EXISTS `tb_user`;

CREATE TABLE `tb_user` (
  `id_user` int(11) NOT NULL AUTO_INCREMENT,
  `username` varchar(50) NOT NULL,
  `pass` varchar(255) NOT NULL,
  `role` enum('Admin','Super Admin') NOT NULL,
  `nama` varchar(100) NOT NULL,
  PRIMARY KEY (`id_user`),
  UNIQUE KEY `UNIQUE` (`username`)
) ENGINE=InnoDB AUTO_INCREMENT=9 DEFAULT CHARSET=latin1;

/*Data for the table `tb_user` */

insert  into `tb_user`(`id_user`,`username`,`pass`,`role`,`nama`) values 
(1,'admin','$2y$10$qg3tutFl3jiKDyohnp7tHuHpO6x/A0q3b4KMs7c0MV8pIL98ashq6','Super Admin','Super Admin'),
(6,'adminarie','$2y$10$0wkqc6mitxBI1bfgXxVfXuToyuYIQE9sONdJGxYoL.FzxNjvTgFlu','Admin','Arie Sapta'),
(7,'adminarie2','$2y$10$wZY8tMl0XELjVTh7gVIQBO0TfSlSRIKJBGBegnKkPl4edJL45Dpni','Admin','Arie2'),
(8,'ariefujiwara','$2y$10$biqQpYp91vGxsU5HfLsNo.LFkQnO9Na//PR.ywgGxutQ4v8PBpnzi','Super Admin','Arie Sapta');

/*!40101 SET SQL_MODE=@OLD_SQL_MODE */;
/*!40014 SET FOREIGN_KEY_CHECKS=@OLD_FOREIGN_KEY_CHECKS */;
/*!40014 SET UNIQUE_CHECKS=@OLD_UNIQUE_CHECKS */;
/*!40111 SET SQL_NOTES=@OLD_SQL_NOTES */;
